{"normalize_inputs.buffer_observation_images_top.mean": [[[0.48500001430511475]], [[0.4560000002384186]], [[0.4059999883174896]]], "normalize_inputs.buffer_observation_images_top.std": [[[0.2290000021457672]], [[0.2240000069141388]], [[0.22499999403953552]]], "normalize_inputs.buffer_observation_state.mean": [-0.007402688730508089, -0.6318774819374084, 1.0356645584106445, -0.050272196531295776, -0.46199214458465576, -0.07467500120401382, 0.4746761620044708, -0.03615444898605347, -0.3320339322090149, 0.9038933515548706, -0.22060784697532654, -0.3101157248020172, -0.23484455049037933, 0.6842413544654846], "normalize_inputs.buffer_observation_state.std": [0.01218993030488491, 0.29753074049949646, 0.16727614402770996, 0.047336842864751816, 0.14859996736049652, 0.08788280189037323, 0.31751549243927, 0.10498899966478348, 0.2793290913105011, 0.18093593418598175, 0.26604267954826355, 0.3046573996543884, 0.5298554301261902, 0.25504589080810547], "normalize_targets.buffer_action.mean": [-0.007564446423202753, -0.6281843185424805, 1.0312833786010742, -0.04664313793182373, -0.4721137583255768, -0.07452698051929474, 0.373897910118103, -0.03718753531575203, -0.32611438632011414, 0.8997200727462769, -0.21371079981327057, -0.3184039890766144, -0.2336096167564392, 0.5519470572471619], "normalize_targets.buffer_action.std": [0.012527869082987309, 0.29573681950569153, 0.16701507568359375, 0.04584391415119171, 0.14833474159240723, 0.087628073990345, 0.30665168166160583, 0.10599812865257263, 0.2757197916507721, 0.18058083951473236, 0.2630402743816376, 0.30707770586013794, 0.5305277109146118, 0.38380080461502075], "unnormalize_outputs.buffer_action.mean": [-0.007564446423202753, -0.6281843185424805, 1.0312833786010742, -0.04664313793182373, -0.4721137583255768, -0.07452698051929474, 0.373897910118103, -0.03718753531575203, -0.32611438632011414, 0.8997200727462769, -0.21371079981327057, -0.3184039890766144, -0.2336096167564392, 0.5519470572471619], "unnormalize_outputs.buffer_action.std": [0.012527869082987309, 0.29573681950569153, 0.16701507568359375, 0.04584391415119171, 0.14833474159240723, 0.087628073990345, 0.30665168166160583, 0.10599812865257263, 0.2757197916507721, 0.18058083951473236, 0.2630402743816376, 0.30707770586013794, 0.5305277109146118, 0.38380080461502075]}